id,firstName,lastName,team,debutYear,finalYear,gamesPlayed,fameSource,position
adam-cooney,Adam,Cooney,Essendon,2015,2016,31,Brownlow,
adam-goodes,Adam,Goodes,Sydney,1999,2015,372,Brownlow,
alex-jesaulenko,Alex,Jesaulenko,St Kilda,1980,1981,23,Captain|Legend,
andrew-embley,Andrew,Embley,West Coast,1999,2013,250,NormSmith,
andrew-mcleod,Andrew,McLeod,Adelaide,1995,2010,340,NormSmith,
barry-davis,Barry,Davis,North Melbourne,1973,1975,71,Captain,
barry-hall,Barry,Hall,Western Bulldogs,2010,2011,39,Captain,
ben-cousins,Ben,Cousins,Richmond,2009,2010,32,Brownlow,
bernie-quinlan,Bernie,Quinlan,Fitzroy,1978,1986,189,Brownlow|Coleman,
bill-hutchison,Bill,Hutchison,Essendon,1942,1957,290,Legend,
bob-pratt,Bob,Pratt,Sydney,1955,1958,35,Legend,
bob-skilton,Bob,Skilton,Sydney,1956,1971,237,Legend,
brad-hardie,Brad,Hardie,Collingwood,1992,1992,2,Brownlow,
brendan-fevola,Brendan,Fevola,Brisbane,2010,2010,17,Coleman,
brian-lake,Brian,Lake,Hawthorn,2013,2015,54,NormSmith,
brian-taylor,Brian,Taylor,Collingwood,1985,1990,97,Coleman,
brian-wilson,Brian,Wilson,St Kilda,1991,1991,7,Brownlow,
bruce-doull,Bruce,Doull,Carlton,1969,1986,356,NormSmith,
bruce-monteath,Bruce,Monteath,Richmond,1975,1980,118,Captain,
byron-pickett,Byron,Pickett,Melbourne,2006,2007,29,NormSmith,
cameron-ling,Cameron,Ling,Geelong,2000,2011,246,Captain,
chris-judd,Chris,Judd,Carlton,2008,2015,145,Brownlow|Captain|NormSmith,
colin-robertson,Colin,Robertson,Hawthorn,1980,1986,116,NormSmith,
cyril-rioli,Cyril,Rioli,Hawthorn,2008,2018,189,NormSmith,
dane-swan,Dane,Swan,Collingwood,2003,2016,258,Brownlow,
darrel-baldock,Darrel,Baldock,St Kilda,1962,1968,119,Legend,
david-dench,David,Dench,North Melbourne,1969,1984,275,Captain,
david-neitz,David,Neitz,Melbourne,1993,2008,306,Coleman,
david-parkin,David,Parkin,Hawthorn,1961,1974,211,Captain,
david-rhys-jones,David,Rhys-Jones,Carlton,1985,1992,106,NormSmith,
dean-kemp,Dean,Kemp,West Coast,1990,2001,243,NormSmith,
dick-reynolds,Dick,Reynolds,Essendon,1933,1951,320,Legend,
don-scott,Don,Scott,Hawthorn,1967,1981,302,Captain,
doug-wade,Doug,Wade,North Melbourne,1973,1975,59,Coleman,
dustin-martin,Dustin,Martin,Richmond,2010,2024,302,Brownlow|NormSmith,
easton-wood,Easton,Wood,Western Bulldogs,2009,2021,188,Captain,
fraser-gehrig,Fraser,Gehrig,St Kilda,2001,2008,145,Coleman,
gary-ablett,Gary,Ablett,Geelong,2002,2020,247,Brownlow,
gary-ayres,Gary,Ayres,Hawthorn,1978,1993,269,NormSmith,
gary-dempsey,Gary,Dempsey,North Melbourne,1979,1984,122,Brownlow,
gavin-wanganeen,Gavin,Wanganeen,Port Adelaide,1997,2006,173,Brownlow,
gerard-healy,Gerard,Healy,Sydney,1986,1990,81,Brownlow,
glenn-archer,Glenn,Archer,North Melbourne,1992,2007,311,NormSmith,
gordon-coventry,Gordon,Coventry,Collingwood,1920,1937,306,Legend,
graham-farmer,Graham,Farmer,Geelong,1962,1967,101,Legend,
graham-moss,Graham,Moss,Essendon,1973,1976,84,Brownlow,
graham-teasdale,Graham,Teasdale,Collingwood,1982,1983,14,Brownlow,
greg-williams,Greg,Williams,Carlton,1992,1997,109,Brownlow|NormSmith,
ian-stewart,Ian,Stewart,Richmond,1971,1975,78,Brownlow|Legend,
isaac-smith,Isaac,Smith,Geelong,2021,2023,70,NormSmith,
jack-dyer,Jack,Dyer,Richmond,1960,1960,3,Legend,
jack-oatey,Jack,Oatey,Sydney,1944,1944,5,Legend,
jack-riewoldt,Jack,Riewoldt,Richmond,2007,2023,347,Coleman,
james-hird,James,Hird,Essendon,1992,2007,253,Captain|NormSmith,
jarrad-mcveigh,Jarrad,McVeigh,Sydney,2004,2019,325,Captain,
jarryd-roughead,Jarryd,Roughead,Hawthorn,2005,2019,283,Coleman,
jason-akermanis,Jason,Akermanis,Western Bulldogs,2007,2010,77,Brownlow,
jason-dunstall,Jason,Dunstall,Hawthorn,1985,1998,269,Coleman|Legend,
jason-johannisen,Jason,Johannisen,Western Bulldogs,2012,2025,212,NormSmith,
jim-stynes,Jim,Stynes,Melbourne,1987,1998,264,Brownlow,
jimmy-bartel,Jimmy,Bartel,Geelong,2002,2016,305,Brownlow|NormSmith,
joel-selwood,Joel,Selwood,Geelong,2007,2022,355,Captain,
john-coleman,John,Coleman,Essendon,1949,1954,98,Legend,
john-longmire,John,Longmire,North Melbourne,1988,1999,200,Coleman,
john-nicholls,John,Nicholls,Carlton,1957,1974,328,Captain|Legend,
john-worsfold,John,Worsfold,West Coast,1987,1998,209,Captain,
jonathan-brown,Jonathan,Brown,Brisbane,2000,2014,256,Coleman,
josh-kennedy,Josh,Kennedy,Sydney,2010,2022,277,Coleman,
keith-greig,Keith,Greig,North Melbourne,1971,1985,294,Brownlow,
kelvin-templeton,Kelvin,Templeton,Melbourne,1983,1985,34,Brownlow|Coleman,
kevin-bartlett,Kevin,Bartlett,Richmond,1965,1983,403,Legend|NormSmith,
kevin-murray,Kevin,Murray,Fitzroy,1955,1974,333,Legend,
kevin-sheedy,Kevin,Sheedy,Richmond,1967,1979,251,Legend,
lance-franklin,Lance,Franklin,Sydney,2014,2023,172,Coleman,
larry-donohue,Larry,Donohue,Geelong,1973,1980,105,Coleman,
leigh-matthews,Leigh,Matthews,Hawthorn,1969,1985,332,Captain|Coleman|Legend,
len-thompson,Len,Thompson,Sydney,1979,1979,20,Brownlow,
lenny-hayes,Lenny,Hayes,St Kilda,1999,2014,297,NormSmith,
luke-hodge,Luke,Hodge,Brisbane,2018,2019,41,Captain|NormSmith,
luke-shuey,Luke,Shuey,West Coast,2010,2023,248,NormSmith,
malcolm-blight,Malcolm,Blight,North Melbourne,1974,1982,178,Brownlow|Coleman|Legend,
mark-bickley,Mark,Bickley,Adelaide,1991,2003,272,Captain,
mark-ricciuto,Mark,Ricciuto,Adelaide,1993,2007,312,Brownlow,
mark-thompson,Mark,Thompson,Essendon,1983,1996,202,Captain,
matt-priddis,Matt,Priddis,West Coast,2006,2017,240,Brownlow,
matthew-lloyd,Matthew,Lloyd,Essendon,1995,2009,270,Coleman,
michael-long,Michael,Long,Essendon,1989,2001,190,NormSmith,
michael-roach,Michael,Roach,Richmond,1977,1989,200,Coleman,
michael-tuck,Michael,Tuck,Hawthorn,1972,1991,426,Captain,
michael-voss,Michael,Voss,Brisbane,1997,2006,210,Brownlow|Captain,
mike-fitzpatrick,Mike,Fitzpatrick,Carlton,1975,1983,150,Captain,
nat-fyfe,Nat,Fyfe,Fremantle,2010,2025,248,Brownlow,
nathan-buckley,Nathan,Buckley,Collingwood,1994,2007,260,NormSmith,
nick-maxwell,Nick,Maxwell,Collingwood,2004,2014,208,Captain,
norm-smith,Norm,Smith,Melbourne,1935,1948,210,Legend,
paul-chapman,Paul,Chapman,Essendon,2014,2015,29,NormSmith,
paul-couch,Paul,Couch,Geelong,1985,1997,259,Brownlow,
paul-dear,Paul,Dear,Hawthorn,1987,1996,123,NormSmith,
paul-kelly,Paul,Kelly,Sydney,1990,2002,234,Brownlow,
peter-bedford,Peter,Bedford,Carlton,1977,1978,8,Brownlow,
peter-hudson,Peter,Hudson,Hawthorn,1967,1977,129,Coleman|Legend,
peter-matera,Peter,Matera,West Coast,1990,2002,253,NormSmith,
peter-mckenna,Peter,McKenna,Carlton,1977,1977,11,Coleman,
peter-moore,Peter,Moore,Melbourne,1983,1987,77,Brownlow,
robert-dipierdomenico,Robert,DiPierdomenico,Hawthorn,1975,1991,240,Brownlow,
robert-harvey,Robert,Harvey,St Kilda,1988,2008,383,Brownlow,
ron-barassi,Ron,Barassi,Carlton,1965,1969,50,Legend,
ross-glendinning,Ross,Glendinning,West Coast,1987,1988,40,Brownlow,
roy-cazaly,Roy,Cazaly,Sydney,1921,1927,99,Legend,
royce-hart,Royce,Hart,Richmond,1967,1977,187,Captain|Legend,
russell-ebert,Russell,Ebert,North Melbourne,1979,1979,25,Legend,
ryan-okeefe,Ryan,OKeefe,Sydney,2000,2014,286,NormSmith,
sam-mitchell,Sam,Mitchell,West Coast,2017,2017,22,Brownlow|Captain,
scott-cummings,Scott,Cummings,Collingwood,2002,2002,5,Coleman,
scott-wynd,Scott,Wynd,Western Bulldogs,1988,2000,237,Brownlow,
shane-crawford,Shane,Crawford,Hawthorn,1993,2008,305,Brownlow,
shane-woewodin,Shane,Woewodin,Collingwood,2003,2005,62,Brownlow,
shannon-grant,Shannon,Grant,North Melbourne,1998,2008,243,NormSmith,
shannon-hurn,Shannon,Hurn,West Coast,2006,2023,333,Captain,
shaun-hart,Shaun,Hart,Brisbane,1997,2004,171,NormSmith,
simon-beasley,Simon,Beasley,Western Bulldogs,1982,1989,154,Coleman,
simon-black,Simon,Black,Brisbane,1998,2013,322,Brownlow|NormSmith,
simon-madden,Simon,Madden,Essendon,1974,1992,378,NormSmith,
stephen-kernahan,Stephen,Kernahan,Carlton,1986,1997,251,Captain,
steve-johnson,Steve,Johnson,GWS,2016,2017,40,NormSmith,
ted-whitten,Ted,Whitten,Western Bulldogs,1974,1982,144,Legend,
terry-daniher,Terry,Daniher,Essendon,1978,1992,294,Captain,
tom-harley,Tom,Harley,Geelong,1999,2009,197,Captain,
tom-hawkins,Tom,Hawkins,Geelong,2007,2024,359,Coleman,
tom-mitchell,Tom,Mitchell,Collingwood,2023,2025,36,Brownlow,
tony-liberatore,Tony,Liberatore,Western Bulldogs,1986,2002,283,Brownlow,
tony-lockett,Tony,Lockett,Sydney,1995,2002,98,Brownlow|Coleman|Legend,
tony-modra,Tony,Modra,Fremantle,1999,2001,47,Coleman,
tony-shaw,Tony,Shaw,Collingwood,1978,1994,313,Captain|NormSmith,
trent-cotchin,Trent,Cotchin,Richmond,2008,2023,306,Captain,
warren-tredrea,Warren,Tredrea,Port Adelaide,1997,2010,255,Captain,
wayne-carey,Wayne,Carey,Adelaide,2003,2004,28,Captain,
wayne-harmes,Wayne,Harmes,Carlton,1977,1988,169,NormSmith,
